learning_rate	batch_size	epochs	noise	sparsity	num_components	end_loss
Learning: 0.0005	100	100	Noise: 0.5	0.0	5	0.020597464737996996
Learning: 0.0005	100	100	Noise: 0.5	0.0	25	0.012341773595098214
Learning: 0.0005	50	100	Noise: 0	1e-06	50	0.01099531230005662
Learning: 0.0005	100	50	Noise: 0.1	0.0	75	0.00985417979098073
Learning: 0.0005	100	100	Noise: 0.1	0.0	100	0.009115162415939241
Learning: 0.0005	50	100	Noise: 0.1	0.0	125	0.008744323902174004
